{
    "Azad Kashmir": {
        "avg_temperature": 9.08705882352941,
        "avg_humidity": 31.784313725490197,
        "avg_pressure": 1018.2352941176471,
        "avg_wind_speed": 1.940915032679738,
        "avg_cloudiness": 33.08496732026144,
        "max_temperature": 10.66,
        "min_temperature": 4.05,
        "max_humidity": 43.0,
        "min_humidity": 28.0,
        "max_pressure": 1019.0,
        "min_pressure": 1018.0,
        "max_wind_speed": 3.52,
        "min_wind_speed": 1.45,
        "max_cloudiness": 40.0,
        "min_cloudiness": 0.0,
        "latest_temperature": 10.66,
        "latest_humidity": 28.0,
        "latest_pressure": 1018.0,
        "latest_wind_speed": 1.45,
        "latest_cloudiness": 40.0
    },
    "Gwadar": {
        "avg_temperature": 24.665686274509806,
        "avg_humidity": 59.52287581699346,
        "avg_pressure": 1014.8235294117648,
        "avg_wind_speed": 1.008888888888889,
        "avg_cloudiness": 8.320261437908497,
        "max_temperature": 24.96,
        "min_temperature": 23.72,
        "max_humidity": 64.0,
        "min_humidity": 58.0,
        "max_pressure": 1015.0,
        "min_pressure": 1013.0,
        "max_wind_speed": 1.62,
        "min_wind_speed": 0.86,
        "max_cloudiness": 16.0,
        "min_cloudiness": 1.0,
        "latest_temperature": 24.96,
        "latest_humidity": 58.0,
        "latest_pressure": 1015.0,
        "latest_wind_speed": 0.86,
        "latest_cloudiness": 8.0
    },
    "Gujranwala": {
        "avg_temperature": 14.779150326797385,
        "avg_humidity": 26.11111111111111,
        "avg_pressure": 1015.7777777777778,
        "avg_wind_speed": 1.7117647058823529,
        "avg_cloudiness": 11.686274509803921,
        "max_temperature": 15.69,
        "min_temperature": 14.03,
        "max_humidity": 33.0,
        "min_humidity": 24.0,
        "max_pressure": 1016.0,
        "min_pressure": 1014.0,
        "max_wind_speed": 1.79,
        "min_wind_speed": 1.53,
        "max_cloudiness": 17.0,
        "min_cloudiness": 0.0,
        "latest_temperature": 15.03,
        "latest_humidity": 24.0,
        "latest_pressure": 1016.0,
        "latest_wind_speed": 1.79,
        "latest_cloudiness": 17.0
    },
    "Lahore": {
        "avg_temperature": 14.658692810457515,
        "avg_humidity": 30.431372549019606,
        "avg_pressure": 1015.5816993464052,
        "avg_wind_speed": 1.3852287581699345,
        "avg_cloudiness": 1.4183006535947713,
        "max_temperature": 15.06,
        "min_temperature": 13.06,
        "max_humidity": 82.0,
        "min_humidity": 22.0,
        "max_pressure": 1016.0,
        "min_pressure": 1014.0,
        "max_wind_speed": 1.64,
        "min_wind_speed": 0.0,
        "max_cloudiness": 31.0,
        "min_cloudiness": 0.0,
        "latest_temperature": 15.06,
        "latest_humidity": 22.0,
        "latest_pressure": 1016.0,
        "latest_wind_speed": 1.58,
        "latest_cloudiness": 0.0
    },
    "Kharian": {
        "avg_temperature": 17.74222222222222,
        "avg_humidity": 25.69281045751634,
        "avg_pressure": 1015.7777777777778,
        "avg_wind_speed": 1.2898692810457517,
        "avg_cloudiness": 9.705882352941176,
        "max_temperature": 18.88,
        "min_temperature": 13.87,
        "max_humidity": 32.0,
        "min_humidity": 24.0,
        "max_pressure": 1016.0,
        "min_pressure": 1014.0,
        "max_wind_speed": 1.39,
        "min_wind_speed": 1.06,
        "max_cloudiness": 13.0,
        "min_cloudiness": 0.0,
        "latest_temperature": 18.88,
        "latest_humidity": 24.0,
        "latest_pressure": 1016.0,
        "latest_wind_speed": 1.39,
        "latest_cloudiness": 13.0
    },
    "Abbottabad": {
        "avg_temperature": 13.158562091503269,
        "avg_humidity": 28.15686274509804,
        "avg_pressure": 1016.9084967320262,
        "avg_wind_speed": 1.4051633986928105,
        "avg_cloudiness": 35.111111111111114,
        "max_temperature": 14.47,
        "min_temperature": 9.06,
        "max_humidity": 33.0,
        "min_humidity": 26.0,
        "max_pressure": 1017.0,
        "min_pressure": 1016.0,
        "max_wind_speed": 3.04,
        "min_wind_speed": 0.87,
        "max_cloudiness": 43.0,
        "min_cloudiness": 0.0,
        "latest_temperature": 14.47,
        "latest_humidity": 26.0,
        "latest_pressure": 1017.0,
        "latest_wind_speed": 0.87,
        "latest_cloudiness": 43.0
    },
    "Murree": {
        "avg_temperature": 10.66045751633987,
        "avg_humidity": 24.679738562091504,
        "avg_pressure": 1016.9084967320262,
        "avg_wind_speed": 1.5622222222222222,
        "avg_cloudiness": 21.830065359477125,
        "max_temperature": 12.87,
        "min_temperature": 0.69,
        "max_humidity": 32.0,
        "min_humidity": 22.0,
        "max_pressure": 1017.0,
        "min_pressure": 1016.0,
        "max_wind_speed": 3.61,
        "min_wind_speed": 0.91,
        "max_cloudiness": 35.0,
        "min_cloudiness": 0.0,
        "latest_temperature": 12.87,
        "latest_humidity": 22.0,
        "latest_pressure": 1017.0,
        "latest_wind_speed": 0.91,
        "latest_cloudiness": 24.0
    },
    "Karachi": {
        "avg_temperature": 24.135294117647064,
        "avg_humidity": 75.01307189542484,
        "avg_pressure": 1014.7777777777778,
        "avg_wind_speed": 1.3313071895424837,
        "avg_cloudiness": 18.169934640522875,
        "max_temperature": 25.9,
        "min_temperature": 19.9,
        "max_humidity": 88.0,
        "min_humidity": 69.0,
        "max_pressure": 1015.0,
        "min_pressure": 1013.0,
        "max_wind_speed": 2.57,
        "min_wind_speed": 1.03,
        "max_cloudiness": 20.0,
        "min_cloudiness": 0.0,
        "latest_temperature": 25.9,
        "latest_humidity": 69.0,
        "latest_pressure": 1015.0,
        "latest_wind_speed": 1.03,
        "latest_cloudiness": 20.0
    },
    "Hyderabad": {
        "avg_temperature": 25.070980392156862,
        "avg_humidity": 59.03921568627451,
        "avg_pressure": 1014.5816993464052,
        "avg_wind_speed": 3.799869281045752,
        "avg_cloudiness": 0.0,
        "max_temperature": 25.89,
        "min_temperature": 22.63,
        "max_humidity": 69.0,
        "min_humidity": 56.0,
        "max_pressure": 1015.0,
        "min_pressure": 1013.0,
        "max_wind_speed": 3.97,
        "min_wind_speed": 3.32,
        "max_cloudiness": 0.0,
        "min_cloudiness": 0.0,
        "latest_temperature": 25.89,
        "latest_humidity": 56.0,
        "latest_pressure": 1015.0,
        "latest_wind_speed": 3.97,
        "latest_cloudiness": 0.0
    },
    "Islamabad": {
        "avg_temperature": 18.116928104575166,
        "avg_humidity": 28.535947712418302,
        "avg_pressure": 1015.8235294117648,
        "avg_wind_speed": 1.0975816993464054,
        "avg_cloudiness": 5.222222222222222,
        "max_temperature": 19.75,
        "min_temperature": 11.02,
        "max_humidity": 80.0,
        "min_humidity": 20.0,
        "max_pressure": 1016.0,
        "min_pressure": 1014.0,
        "max_wind_speed": 2.19,
        "min_wind_speed": 0.74,
        "max_cloudiness": 6.0,
        "min_cloudiness": 0.0,
        "latest_temperature": 19.75,
        "latest_humidity": 20.0,
        "latest_pressure": 1016.0,
        "latest_wind_speed": 0.74,
        "latest_cloudiness": 6.0
    }
}